"","trial","region_idx","nregions","p_value","alpha","rank","critical_value","bh_profit","is_profit","tp","tn","fp","fn"
"1",1,4,8,0.00056,0.05,1,0.00625,TRUE,TRUE,1,0,0,0
"2",1,7,8,0.0111,0.05,2,0.0125,TRUE,FALSE,0,0,1,0
"3",1,2,8,0.06988,0.05,3,0.01875,FALSE,TRUE,0,0,0,1
"4",1,3,8,0.10619,0.05,4,0.025,FALSE,FALSE,0,1,0,0
"5",1,6,8,0.2771,0.05,5,0.03125,FALSE,TRUE,0,0,0,1
"6",1,8,8,0.39391,0.05,6,0.0375,FALSE,FALSE,0,1,0,0
"7",1,1,8,0.81039,0.05,7,0.04375,FALSE,TRUE,0,0,0,1
"8",1,5,8,0.84833,0.05,8,0.05,FALSE,FALSE,0,1,0,0
"9",1,2,12,0.04248,0.05,1,0.00416666666666667,FALSE,FALSE,0,1,0,0
"10",1,5,12,0.32862,0.05,2,0.00833333333333333,FALSE,FALSE,0,1,0,0
"11",1,12,12,0.34388,0.05,3,0.0125,FALSE,TRUE,0,0,0,1
"12",1,10,12,0.37733,0.05,4,0.0166666666666667,FALSE,FALSE,0,1,0,0
"13",1,11,12,0.386,0.05,5,0.0208333333333333,FALSE,TRUE,0,0,0,1
"14",1,7,12,0.39922,0.05,6,0.025,FALSE,TRUE,0,0,0,1
"15",1,3,12,0.80857,0.05,7,0.0291666666666667,FALSE,TRUE,0,0,0,1
"16",1,4,12,0.9062,0.05,8,0.0333333333333333,FALSE,FALSE,0,1,0,0
"17",1,6,12,0.92784,0.05,9,0.0375,FALSE,FALSE,0,1,0,0
"18",1,9,12,0.93192,0.05,10,0.0416666666666667,FALSE,TRUE,0,0,0,1
"19",1,8,12,0.9349,0.05,11,0.0458333333333333,FALSE,FALSE,0,1,0,0
"20",1,1,12,0.93871,0.05,12,0.05,FALSE,FALSE,0,1,0,0
"21",2,1,8,0.00879,0.05,1,0.00625,FALSE,TRUE,0,0,0,1
"22",2,4,8,0.02043,0.05,2,0.0125,FALSE,TRUE,0,0,0,1
"23",2,2,8,0.07765,0.05,3,0.01875,FALSE,FALSE,0,1,0,0
"24",2,3,8,0.08158,0.05,4,0.025,FALSE,TRUE,0,0,0,1
"25",2,5,8,0.53694,0.05,5,0.03125,FALSE,FALSE,0,1,0,0
"26",2,6,8,0.5569,0.05,6,0.0375,FALSE,TRUE,0,0,0,1
"27",2,7,8,0.57302,0.05,7,0.04375,FALSE,TRUE,0,0,0,1
"28",2,8,8,0.83148,0.05,8,0.05,FALSE,FALSE,0,1,0,0
"29",2,12,12,0.02262,0.05,1,0.00416666666666667,FALSE,TRUE,0,0,0,1
"30",2,4,12,0.03365,0.05,2,0.00833333333333333,FALSE,TRUE,0,0,0,1
"31",2,3,12,0.0381,0.05,3,0.0125,FALSE,TRUE,0,0,0,1
"32",2,11,12,0.08949,0.05,4,0.0166666666666667,FALSE,TRUE,0,0,0,1
"33",2,8,12,0.11548,0.05,5,0.0208333333333333,FALSE,TRUE,0,0,0,1
"34",2,9,12,0.16771,0.05,6,0.025,FALSE,TRUE,0,0,0,1
"35",2,10,12,0.18785,0.05,7,0.0291666666666667,FALSE,TRUE,0,0,0,1
"36",2,5,12,0.25901,0.05,8,0.0333333333333333,FALSE,FALSE,0,1,0,0
"37",2,7,12,0.34473,0.05,9,0.0375,FALSE,FALSE,0,1,0,0
"38",2,1,12,0.46397,0.05,10,0.0416666666666667,FALSE,FALSE,0,1,0,0
"39",2,6,12,0.5954,0.05,11,0.0458333333333333,FALSE,FALSE,0,1,0,0
"40",2,2,12,0.92286,0.05,12,0.05,FALSE,FALSE,0,1,0,0
"41",3,1,8,0.03831,0.05,1,0.00625,FALSE,TRUE,0,0,0,1
"42",3,8,8,0.03844,0.05,2,0.0125,FALSE,TRUE,0,0,0,1
"43",3,7,8,0.04054,0.05,3,0.01875,FALSE,TRUE,0,0,0,1
"44",3,2,8,0.04248,0.05,4,0.025,FALSE,FALSE,0,1,0,0
"45",3,4,8,0.10081,0.05,5,0.03125,FALSE,FALSE,0,1,0,0
"46",3,5,8,0.31677,0.05,6,0.0375,FALSE,FALSE,0,1,0,0
"47",3,3,8,0.38626,0.05,7,0.04375,FALSE,FALSE,0,1,0,0
"48",3,6,8,0.58751,0.05,8,0.05,FALSE,FALSE,0,1,0,0
"49",3,3,12,0.00021,0.05,1,0.00416666666666667,TRUE,TRUE,1,0,0,0
"50",3,11,12,0.00044,0.05,2,0.00833333333333333,TRUE,TRUE,1,0,0,0
"51",3,12,12,0.0026,0.05,3,0.0125,TRUE,TRUE,1,0,0,0
"52",3,10,12,0.00275,0.05,4,0.0166666666666667,TRUE,TRUE,1,0,0,0
"53",3,4,12,0.00612,0.05,5,0.0208333333333333,TRUE,TRUE,1,0,0,0
"54",3,8,12,0.07892,0.05,6,0.025,FALSE,TRUE,0,0,0,1
"55",3,5,12,0.10827,0.05,7,0.0291666666666667,FALSE,TRUE,0,0,0,1
"56",3,6,12,0.11758,0.05,8,0.0333333333333333,FALSE,FALSE,0,1,0,0
"57",3,1,12,0.41535,0.05,9,0.0375,FALSE,FALSE,0,1,0,0
"58",3,7,12,0.57431,0.05,10,0.0416666666666667,FALSE,FALSE,0,1,0,0
"59",3,2,12,0.81537,0.05,11,0.0458333333333333,FALSE,FALSE,0,1,0,0
"60",3,9,12,0.86938,0.05,12,0.05,FALSE,FALSE,0,1,0,0
"61",4,5,8,0.0051,0.05,1,0.00625,TRUE,TRUE,1,0,0,0
"62",4,6,8,0.01618,0.05,2,0.0125,FALSE,TRUE,0,0,0,1
"63",4,3,8,0.0874,0.05,3,0.01875,FALSE,TRUE,0,0,0,1
"64",4,2,8,0.26811,0.05,4,0.025,FALSE,FALSE,0,1,0,0
"65",4,7,8,0.31148,0.05,5,0.03125,FALSE,TRUE,0,0,0,1
"66",4,8,8,0.91648,0.05,6,0.0375,FALSE,TRUE,0,0,0,1
"67",4,1,8,0.94599,0.05,7,0.04375,FALSE,TRUE,0,0,0,1
"68",4,4,8,0.99599,0.05,8,0.05,FALSE,FALSE,0,1,0,0
"69",4,6,12,0.00074,0.05,1,0.00416666666666667,TRUE,TRUE,1,0,0,0
"70",4,9,12,0.00491,0.05,2,0.00833333333333333,TRUE,TRUE,1,0,0,0
"71",4,11,12,0.00501,0.05,3,0.0125,TRUE,TRUE,1,0,0,0
"72",4,3,12,0.10891,0.05,4,0.0166666666666667,FALSE,TRUE,0,0,0,1
"73",4,2,12,0.12531,0.05,5,0.0208333333333333,FALSE,TRUE,0,0,0,1
"74",4,1,12,0.17784,0.05,6,0.025,FALSE,FALSE,0,1,0,0
"75",4,5,12,0.41801,0.05,7,0.0291666666666667,FALSE,FALSE,0,1,0,0
"76",4,12,12,0.43329,0.05,8,0.0333333333333333,FALSE,TRUE,0,0,0,1
"77",4,7,12,0.4703,0.05,9,0.0375,FALSE,TRUE,0,0,0,1
"78",4,8,12,0.52455,0.05,10,0.0416666666666667,FALSE,TRUE,0,0,0,1
"79",4,4,12,0.69173,0.05,11,0.0458333333333333,FALSE,FALSE,0,1,0,0
"80",4,10,12,0.97845,0.05,12,0.05,FALSE,FALSE,0,1,0,0
"81",5,2,8,0.01407,0.05,1,0.00625,FALSE,FALSE,0,1,0,0
"82",5,4,8,0.02886,0.05,2,0.0125,FALSE,FALSE,0,1,0,0
"83",5,1,8,0.04592,0.05,3,0.01875,FALSE,FALSE,0,1,0,0
"84",5,5,8,0.48778,0.05,4,0.025,FALSE,FALSE,0,1,0,0
"85",5,8,8,0.54435,0.05,5,0.03125,FALSE,FALSE,0,1,0,0
"86",5,6,8,0.57409,0.05,6,0.0375,FALSE,FALSE,0,1,0,0
"87",5,3,8,0.6072,0.05,7,0.04375,FALSE,FALSE,0,1,0,0
"88",5,7,8,0.68495,0.05,8,0.05,FALSE,FALSE,0,1,0,0
"89",5,7,12,0.00102,0.05,1,0.00416666666666667,TRUE,TRUE,1,0,0,0
"90",5,4,12,0.13498,0.05,2,0.00833333333333333,FALSE,FALSE,0,1,0,0
"91",5,9,12,0.14912,0.05,3,0.0125,FALSE,FALSE,0,1,0,0
"92",5,8,12,0.15072,0.05,4,0.0166666666666667,FALSE,FALSE,0,1,0,0
"93",5,11,12,0.21689,0.05,5,0.0208333333333333,FALSE,TRUE,0,0,0,1
"94",5,3,12,0.25089,0.05,6,0.025,FALSE,FALSE,0,1,0,0
"95",5,2,12,0.26443,0.05,7,0.0291666666666667,FALSE,FALSE,0,1,0,0
"96",5,5,12,0.68963,0.05,8,0.0333333333333333,FALSE,FALSE,0,1,0,0
"97",5,10,12,0.69555,0.05,9,0.0375,FALSE,FALSE,0,1,0,0
"98",5,6,12,0.84143,0.05,10,0.0416666666666667,FALSE,FALSE,0,1,0,0
"99",5,1,12,0.91392,0.05,11,0.0458333333333333,FALSE,FALSE,0,1,0,0
"100",5,12,12,0.97948,0.05,12,0.05,FALSE,FALSE,0,1,0,0
"101",6,6,8,0.0014,0.05,1,0.00625,TRUE,TRUE,1,0,0,0
"102",6,5,8,0.00649,0.05,2,0.0125,TRUE,TRUE,1,0,0,0
"103",6,4,8,0.11724,0.05,3,0.01875,FALSE,TRUE,0,0,0,1
"104",6,8,8,0.34853,0.05,4,0.025,FALSE,FALSE,0,1,0,0
"105",6,7,8,0.34913,0.05,5,0.03125,FALSE,FALSE,0,1,0,0
"106",6,2,8,0.56985,0.05,6,0.0375,FALSE,FALSE,0,1,0,0
"107",6,1,8,0.64394,0.05,7,0.04375,FALSE,FALSE,0,1,0,0
"108",6,3,8,0.81114,0.05,8,0.05,FALSE,FALSE,0,1,0,0
"109",6,2,12,2e-04,0.05,1,0.00416666666666667,TRUE,TRUE,1,0,0,0
"110",6,8,12,0.00403,0.05,2,0.00833333333333333,TRUE,FALSE,0,0,1,0
"111",6,3,12,0.00413,0.05,3,0.0125,TRUE,TRUE,1,0,0,0
"112",6,10,12,0.01456,0.05,4,0.0166666666666667,TRUE,TRUE,1,0,0,0
"113",6,4,12,0.06766,0.05,5,0.0208333333333333,FALSE,TRUE,0,0,0,1
"114",6,7,12,0.07415,0.05,6,0.025,FALSE,FALSE,0,1,0,0
"115",6,6,12,0.47758,0.05,7,0.0291666666666667,FALSE,FALSE,0,1,0,0
"116",6,1,12,0.66135,0.05,8,0.0333333333333333,FALSE,FALSE,0,1,0,0
"117",6,11,12,0.68569,0.05,9,0.0375,FALSE,FALSE,0,1,0,0
"118",6,5,12,0.84269,0.05,10,0.0416666666666667,FALSE,FALSE,0,1,0,0
"119",6,9,12,0.94189,0.05,11,0.0458333333333333,FALSE,FALSE,0,1,0,0
"120",6,12,12,0.99042,0.05,12,0.05,FALSE,FALSE,0,1,0,0
"121",7,4,8,0.04278,0.05,1,0.00625,FALSE,TRUE,0,0,0,1
"122",7,6,8,0.05701,0.05,2,0.0125,FALSE,TRUE,0,0,0,1
"123",7,1,8,0.09911,0.05,3,0.01875,FALSE,TRUE,0,0,0,1
"124",7,3,8,0.18775,0.05,4,0.025,FALSE,TRUE,0,0,0,1
"125",7,2,8,0.3556,0.05,5,0.03125,FALSE,TRUE,0,0,0,1
"126",7,8,8,0.40225,0.05,6,0.0375,FALSE,TRUE,0,0,0,1
"127",7,7,8,0.92031,0.05,7,0.04375,FALSE,FALSE,0,1,0,0
"128",7,5,8,0.96436,0.05,8,0.05,FALSE,FALSE,0,1,0,0
"129",7,6,12,0.01179,0.05,1,0.00416666666666667,FALSE,TRUE,0,0,0,1
"130",7,3,12,0.01198,0.05,2,0.00833333333333333,FALSE,TRUE,0,0,0,1
"131",7,8,12,0.03331,0.05,3,0.0125,FALSE,FALSE,0,1,0,0
"132",7,5,12,0.05164,0.05,4,0.0166666666666667,FALSE,TRUE,0,0,0,1
"133",7,7,12,0.0803,0.05,5,0.0208333333333333,FALSE,TRUE,0,0,0,1
"134",7,12,12,0.12922,0.05,6,0.025,FALSE,TRUE,0,0,0,1
"135",7,4,12,0.20541,0.05,7,0.0291666666666667,FALSE,TRUE,0,0,0,1
"136",7,1,12,0.34796,0.05,8,0.0333333333333333,FALSE,TRUE,0,0,0,1
"137",7,2,12,0.42672,0.05,9,0.0375,FALSE,TRUE,0,0,0,1
"138",7,11,12,0.46105,0.05,10,0.0416666666666667,FALSE,TRUE,0,0,0,1
"139",7,9,12,0.72556,0.05,11,0.0458333333333333,FALSE,FALSE,0,1,0,0
"140",7,10,12,0.84542,0.05,12,0.05,FALSE,TRUE,0,0,0,1
"141",8,6,8,0.01594,0.05,1,0.00625,FALSE,TRUE,0,0,0,1
"142",8,4,8,0.05519,0.05,2,0.0125,FALSE,TRUE,0,0,0,1
"143",8,5,8,0.12993,0.05,3,0.01875,FALSE,TRUE,0,0,0,1
"144",8,3,8,0.46486,0.05,4,0.025,FALSE,FALSE,0,1,0,0
"145",8,8,8,0.48312,0.05,5,0.03125,FALSE,FALSE,0,1,0,0
"146",8,2,8,0.51425,0.05,6,0.0375,FALSE,FALSE,0,1,0,0
"147",8,7,8,0.71073,0.05,7,0.04375,FALSE,FALSE,0,1,0,0
"148",8,1,8,0.74086,0.05,8,0.05,FALSE,FALSE,0,1,0,0
"149",8,10,12,0.01024,0.05,1,0.00416666666666667,FALSE,FALSE,0,1,0,0
"150",8,9,12,0.01936,0.05,2,0.00833333333333333,FALSE,FALSE,0,1,0,0
"151",8,7,12,0.01988,0.05,3,0.0125,FALSE,TRUE,0,0,0,1
"152",8,2,12,0.02312,0.05,4,0.0166666666666667,FALSE,TRUE,0,0,0,1
"153",8,6,12,0.02656,0.05,5,0.0208333333333333,FALSE,TRUE,0,0,0,1
"154",8,12,12,0.04398,0.05,6,0.025,FALSE,FALSE,0,1,0,0
"155",8,4,12,0.09888,0.05,7,0.0291666666666667,FALSE,FALSE,0,1,0,0
"156",8,11,12,0.11264,0.05,8,0.0333333333333333,FALSE,TRUE,0,0,0,1
"157",8,3,12,0.53677,0.05,9,0.0375,FALSE,TRUE,0,0,0,1
"158",8,1,12,0.72714,0.05,10,0.0416666666666667,FALSE,FALSE,0,1,0,0
"159",8,8,12,0.82306,0.05,11,0.0458333333333333,FALSE,FALSE,0,1,0,0
"160",8,5,12,0.96148,0.05,12,0.05,FALSE,FALSE,0,1,0,0
"161",9,5,8,0.00038,0.05,1,0.00625,TRUE,TRUE,1,0,0,0
"162",9,4,8,0.02054,0.05,2,0.0125,FALSE,TRUE,0,0,0,1
"163",9,6,8,0.03994,0.05,3,0.01875,FALSE,TRUE,0,0,0,1
"164",9,8,8,0.04337,0.05,4,0.025,FALSE,TRUE,0,0,0,1
"165",9,7,8,0.11071,0.05,5,0.03125,FALSE,FALSE,0,1,0,0
"166",9,3,8,0.45698,0.05,6,0.0375,FALSE,FALSE,0,1,0,0
"167",9,2,8,0.69128,0.05,7,0.04375,FALSE,FALSE,0,1,0,0
"168",9,1,8,0.85574,0.05,8,0.05,FALSE,FALSE,0,1,0,0
"169",9,12,12,1e-05,0.05,1,0.00416666666666667,TRUE,TRUE,1,0,0,0
"170",9,1,12,5e-04,0.05,2,0.00833333333333333,TRUE,TRUE,1,0,0,0
"171",9,9,12,0.00413,0.05,3,0.0125,TRUE,TRUE,1,0,0,0
"172",9,11,12,0.02342,0.05,4,0.0166666666666667,FALSE,TRUE,0,0,0,1
"173",9,4,12,0.0511,0.05,5,0.0208333333333333,FALSE,TRUE,0,0,0,1
"174",9,7,12,0.07831,0.05,6,0.025,FALSE,FALSE,0,1,0,0
"175",9,3,12,0.18779,0.05,7,0.0291666666666667,FALSE,FALSE,0,1,0,0
"176",9,10,12,0.1964,0.05,8,0.0333333333333333,FALSE,TRUE,0,0,0,1
"177",9,8,12,0.20052,0.05,9,0.0375,FALSE,FALSE,0,1,0,0
"178",9,6,12,0.50248,0.05,10,0.0416666666666667,FALSE,FALSE,0,1,0,0
"179",9,5,12,0.59128,0.05,11,0.0458333333333333,FALSE,FALSE,0,1,0,0
"180",9,2,12,0.74017,0.05,12,0.05,FALSE,FALSE,0,1,0,0
"181",10,2,8,0.00122,0.05,1,0.00625,TRUE,TRUE,1,0,0,0
"182",10,4,8,0.00713,0.05,2,0.0125,TRUE,TRUE,1,0,0,0
"183",10,5,8,0.02499,0.05,3,0.01875,FALSE,FALSE,0,1,0,0
"184",10,1,8,0.04314,0.05,4,0.025,FALSE,TRUE,0,0,0,1
"185",10,6,8,0.26222,0.05,5,0.03125,FALSE,TRUE,0,0,0,1
"186",10,3,8,0.28563,0.05,6,0.0375,FALSE,FALSE,0,1,0,0
"187",10,7,8,0.33826,0.05,7,0.04375,FALSE,TRUE,0,0,0,1
"188",10,8,8,0.87962,0.05,8,0.05,FALSE,TRUE,0,0,0,1
"189",10,4,12,0.00857,0.05,1,0.00416666666666667,FALSE,TRUE,0,0,0,1
"190",10,3,12,0.01182,0.05,2,0.00833333333333333,FALSE,TRUE,0,0,0,1
"191",10,2,12,0.03728,0.05,3,0.0125,FALSE,TRUE,0,0,0,1
"192",10,12,12,0.06852,0.05,4,0.0166666666666667,FALSE,TRUE,0,0,0,1
"193",10,10,12,0.06864,0.05,5,0.0208333333333333,FALSE,TRUE,0,0,0,1
"194",10,6,12,0.31494,0.05,6,0.025,FALSE,FALSE,0,1,0,0
"195",10,1,12,0.35894,0.05,7,0.0291666666666667,FALSE,FALSE,0,1,0,0
"196",10,5,12,0.52678,0.05,8,0.0333333333333333,FALSE,FALSE,0,1,0,0
"197",10,11,12,0.71332,0.05,9,0.0375,FALSE,FALSE,0,1,0,0
"198",10,8,12,0.73279,0.05,10,0.0416666666666667,FALSE,FALSE,0,1,0,0
"199",10,9,12,0.75336,0.05,11,0.0458333333333333,FALSE,TRUE,0,0,0,1
"200",10,7,12,0.833,0.05,12,0.05,FALSE,TRUE,0,0,0,1
"201",11,7,8,0.00951,0.05,1,0.00625,FALSE,TRUE,0,0,0,1
"202",11,8,8,0.04276,0.05,2,0.0125,FALSE,TRUE,0,0,0,1
"203",11,3,8,0.05639,0.05,3,0.01875,FALSE,FALSE,0,1,0,0
"204",11,2,8,0.65349,0.05,4,0.025,FALSE,FALSE,0,1,0,0
"205",11,1,8,0.67914,0.05,5,0.03125,FALSE,TRUE,0,0,0,1
"206",11,6,8,0.69725,0.05,6,0.0375,FALSE,TRUE,0,0,0,1
"207",11,4,8,0.76788,0.05,7,0.04375,FALSE,FALSE,0,1,0,0
"208",11,5,8,0.79029,0.05,8,0.05,FALSE,FALSE,0,1,0,0
"209",11,12,12,0.00142,0.05,1,0.00416666666666667,TRUE,TRUE,1,0,0,0
"210",11,4,12,0.00274,0.05,2,0.00833333333333333,TRUE,TRUE,1,0,0,0
"211",11,7,12,0.00394,0.05,3,0.0125,TRUE,TRUE,1,0,0,0
"212",11,9,12,0.01174,0.05,4,0.0166666666666667,TRUE,TRUE,1,0,0,0
"213",11,8,12,0.04547,0.05,5,0.0208333333333333,FALSE,TRUE,0,0,0,1
"214",11,6,12,0.15347,0.05,6,0.025,FALSE,FALSE,0,1,0,0
"215",11,11,12,0.50749,0.05,7,0.0291666666666667,FALSE,FALSE,0,1,0,0
"216",11,10,12,0.52279,0.05,8,0.0333333333333333,FALSE,FALSE,0,1,0,0
"217",11,5,12,0.56308,0.05,9,0.0375,FALSE,FALSE,0,1,0,0
"218",11,3,12,0.59102,0.05,10,0.0416666666666667,FALSE,FALSE,0,1,0,0
"219",11,2,12,0.89606,0.05,11,0.0458333333333333,FALSE,FALSE,0,1,0,0
"220",11,1,12,0.90888,0.05,12,0.05,FALSE,FALSE,0,1,0,0
"221",12,5,8,0.00802,0.05,1,0.00625,FALSE,TRUE,0,0,0,1
"222",12,2,8,0.01248,0.05,2,0.0125,TRUE,TRUE,1,0,0,0
"223",12,8,8,0.02869,0.05,3,0.01875,FALSE,TRUE,0,0,0,1
"224",12,1,8,0.02963,0.05,4,0.025,FALSE,TRUE,0,0,0,1
"225",12,6,8,0.12089,0.05,5,0.03125,FALSE,FALSE,0,1,0,0
"226",12,3,8,0.45223,0.05,6,0.0375,FALSE,FALSE,0,1,0,0
"227",12,4,8,0.7203,0.05,7,0.04375,FALSE,FALSE,0,1,0,0
"228",12,7,8,0.86558,0.05,8,0.05,FALSE,FALSE,0,1,0,0
"229",12,1,12,0.00226,0.05,1,0.00416666666666667,TRUE,TRUE,1,0,0,0
"230",12,12,12,0.00269,0.05,2,0.00833333333333333,TRUE,TRUE,1,0,0,0
"231",12,6,12,0.00904,0.05,3,0.0125,TRUE,FALSE,0,0,1,0
"232",12,8,12,0.0097,0.05,4,0.0166666666666667,TRUE,TRUE,1,0,0,0
"233",12,9,12,0.02259,0.05,5,0.0208333333333333,FALSE,TRUE,0,0,0,1
"234",12,3,12,0.05541,0.05,6,0.025,FALSE,TRUE,0,0,0,1
"235",12,4,12,0.07463,0.05,7,0.0291666666666667,FALSE,FALSE,0,1,0,0
"236",12,5,12,0.1085,0.05,8,0.0333333333333333,FALSE,FALSE,0,1,0,0
"237",12,11,12,0.12255,0.05,9,0.0375,FALSE,FALSE,0,1,0,0
"238",12,10,12,0.22507,0.05,10,0.0416666666666667,FALSE,FALSE,0,1,0,0
"239",12,2,12,0.32068,0.05,11,0.0458333333333333,FALSE,FALSE,0,1,0,0
"240",12,7,12,0.45365,0.05,12,0.05,FALSE,FALSE,0,1,0,0
"241",13,6,8,0.00955,0.05,1,0.00625,FALSE,TRUE,0,0,0,1
"242",13,5,8,0.02646,0.05,2,0.0125,FALSE,TRUE,0,0,0,1
"243",13,2,8,0.24946,0.05,3,0.01875,FALSE,TRUE,0,0,0,1
"244",13,4,8,0.70495,0.05,4,0.025,FALSE,FALSE,0,1,0,0
"245",13,3,8,0.70558,0.05,5,0.03125,FALSE,FALSE,0,1,0,0
"246",13,8,8,0.74714,0.05,6,0.0375,FALSE,FALSE,0,1,0,0
"247",13,1,8,0.75264,0.05,7,0.04375,FALSE,TRUE,0,0,0,1
"248",13,7,8,0.89295,0.05,8,0.05,FALSE,TRUE,0,0,0,1
"249",13,2,12,0.00136,0.05,1,0.00416666666666667,TRUE,TRUE,1,0,0,0
"250",13,12,12,0.00688,0.05,2,0.00833333333333333,TRUE,TRUE,1,0,0,0
"251",13,1,12,0.01395,0.05,3,0.0125,FALSE,FALSE,0,1,0,0
"252",13,3,12,0.02697,0.05,4,0.0166666666666667,FALSE,TRUE,0,0,0,1
"253",13,11,12,0.07814,0.05,5,0.0208333333333333,FALSE,TRUE,0,0,0,1
"254",13,7,12,0.17446,0.05,6,0.025,FALSE,TRUE,0,0,0,1
"255",13,10,12,0.32873,0.05,7,0.0291666666666667,FALSE,FALSE,0,1,0,0
"256",13,9,12,0.46281,0.05,8,0.0333333333333333,FALSE,FALSE,0,1,0,0
"257",13,8,12,0.47659,0.05,9,0.0375,FALSE,TRUE,0,0,0,1
"258",13,6,12,0.69824,0.05,10,0.0416666666666667,FALSE,FALSE,0,1,0,0
"259",13,4,12,0.84113,0.05,11,0.0458333333333333,FALSE,FALSE,0,1,0,0
"260",13,5,12,0.97544,0.05,12,0.05,FALSE,FALSE,0,1,0,0
"261",14,4,8,0.00017,0.05,1,0.00625,TRUE,TRUE,1,0,0,0
"262",14,8,8,0.00147,0.05,2,0.0125,TRUE,TRUE,1,0,0,0
"263",14,3,8,0.0038,0.05,3,0.01875,TRUE,TRUE,1,0,0,0
"264",14,2,8,0.0164,0.05,4,0.025,TRUE,FALSE,0,0,1,0
"265",14,6,8,0.29233,0.05,5,0.03125,FALSE,FALSE,0,1,0,0
"266",14,1,8,0.43713,0.05,6,0.0375,FALSE,TRUE,0,0,0,1
"267",14,5,8,0.83978,0.05,7,0.04375,FALSE,FALSE,0,1,0,0
"268",14,7,8,0.89421,0.05,8,0.05,FALSE,FALSE,0,1,0,0
"269",14,4,12,0.00138,0.05,1,0.00416666666666667,TRUE,TRUE,1,0,0,0
"270",14,12,12,0.03924,0.05,2,0.00833333333333333,FALSE,TRUE,0,0,0,1
"271",14,3,12,0.08842,0.05,3,0.0125,FALSE,FALSE,0,1,0,0
"272",14,2,12,0.11205,0.05,4,0.0166666666666667,FALSE,TRUE,0,0,0,1
"273",14,1,12,0.13812,0.05,5,0.0208333333333333,FALSE,TRUE,0,0,0,1
"274",14,6,12,0.15064,0.05,6,0.025,FALSE,TRUE,0,0,0,1
"275",14,10,12,0.1538,0.05,7,0.0291666666666667,FALSE,FALSE,0,1,0,0
"276",14,5,12,0.25622,0.05,8,0.0333333333333333,FALSE,TRUE,0,0,0,1
"277",14,11,12,0.45797,0.05,9,0.0375,FALSE,FALSE,0,1,0,0
"278",14,7,12,0.71957,0.05,10,0.0416666666666667,FALSE,FALSE,0,1,0,0
"279",14,9,12,0.83465,0.05,11,0.0458333333333333,FALSE,FALSE,0,1,0,0
"280",14,8,12,0.86949,0.05,12,0.05,FALSE,FALSE,0,1,0,0
"281",15,2,8,0.00013,0.05,1,0.00625,TRUE,TRUE,1,0,0,0
"282",15,1,8,0.00059,0.05,2,0.0125,TRUE,TRUE,1,0,0,0
"283",15,6,8,0.00564,0.05,3,0.01875,TRUE,TRUE,1,0,0,0
"284",15,5,8,0.00643,0.05,4,0.025,TRUE,TRUE,1,0,0,0
"285",15,3,8,0.05468,0.05,5,0.03125,FALSE,FALSE,0,1,0,0
"286",15,4,8,0.08908,0.05,6,0.0375,FALSE,TRUE,0,0,0,1
"287",15,8,8,0.3911,0.05,7,0.04375,FALSE,FALSE,0,1,0,0
"288",15,7,8,0.69867,0.05,8,0.05,FALSE,FALSE,0,1,0,0
"289",15,7,12,0.00149,0.05,1,0.00416666666666667,TRUE,TRUE,1,0,0,0
"290",15,6,12,0.00199,0.05,2,0.00833333333333333,TRUE,TRUE,1,0,0,0
"291",15,12,12,0.00213,0.05,3,0.0125,TRUE,TRUE,1,0,0,0
"292",15,1,12,0.00653,0.05,4,0.0166666666666667,TRUE,TRUE,1,0,0,0
"293",15,2,12,0.02144,0.05,5,0.0208333333333333,FALSE,TRUE,0,0,0,1
"294",15,9,12,0.02729,0.05,6,0.025,FALSE,TRUE,0,0,0,1
"295",15,5,12,0.02893,0.05,7,0.0291666666666667,TRUE,TRUE,1,0,0,0
"296",15,4,12,0.04221,0.05,8,0.0333333333333333,FALSE,FALSE,0,1,0,0
"297",15,3,12,0.04972,0.05,9,0.0375,FALSE,FALSE,0,1,0,0
"298",15,11,12,0.49105,0.05,10,0.0416666666666667,FALSE,FALSE,0,1,0,0
"299",15,10,12,0.52664,0.05,11,0.0458333333333333,FALSE,TRUE,0,0,0,1
"300",15,8,12,0.83148,0.05,12,0.05,FALSE,FALSE,0,1,0,0
"301",16,3,8,0.02879,0.05,1,0.00625,FALSE,TRUE,0,0,0,1
"302",16,8,8,0.07338,0.05,2,0.0125,FALSE,TRUE,0,0,0,1
"303",16,7,8,0.33602,0.05,3,0.01875,FALSE,FALSE,0,1,0,0
"304",16,1,8,0.37255,0.05,4,0.025,FALSE,FALSE,0,1,0,0
"305",16,5,8,0.45949,0.05,5,0.03125,FALSE,FALSE,0,1,0,0
"306",16,4,8,0.67847,0.05,6,0.0375,FALSE,FALSE,0,1,0,0
"307",16,2,8,0.85415,0.05,7,0.04375,FALSE,TRUE,0,0,0,1
"308",16,6,8,0.9977,0.05,8,0.05,FALSE,FALSE,0,1,0,0
"309",16,7,12,0.03655,0.05,1,0.00416666666666667,FALSE,FALSE,0,1,0,0
"310",16,8,12,0.06541,0.05,2,0.00833333333333333,FALSE,FALSE,0,1,0,0
"311",16,2,12,0.396,0.05,3,0.0125,FALSE,TRUE,0,0,0,1
"312",16,1,12,0.42099,0.05,4,0.0166666666666667,FALSE,FALSE,0,1,0,0
"313",16,5,12,0.45287,0.05,5,0.0208333333333333,FALSE,FALSE,0,1,0,0
"314",16,9,12,0.56278,0.05,6,0.025,FALSE,FALSE,0,1,0,0
"315",16,11,12,0.58732,0.05,7,0.0291666666666667,FALSE,TRUE,0,0,0,1
"316",16,4,12,0.59748,0.05,8,0.0333333333333333,FALSE,TRUE,0,0,0,1
"317",16,12,12,0.65614,0.05,9,0.0375,FALSE,FALSE,0,1,0,0
"318",16,6,12,0.74955,0.05,10,0.0416666666666667,FALSE,FALSE,0,1,0,0
"319",16,10,12,0.7573,0.05,11,0.0458333333333333,FALSE,TRUE,0,0,0,1
"320",16,3,12,0.83703,0.05,12,0.05,FALSE,TRUE,0,0,0,1
"321",17,3,8,7e-04,0.05,1,0.00625,TRUE,TRUE,1,0,0,0
"322",17,4,8,0.06133,0.05,2,0.0125,FALSE,TRUE,0,0,0,1
"323",17,2,8,0.08829,0.05,3,0.01875,FALSE,TRUE,0,0,0,1
"324",17,1,8,0.10057,0.05,4,0.025,FALSE,TRUE,0,0,0,1
"325",17,6,8,0.11319,0.05,5,0.03125,FALSE,FALSE,0,1,0,0
"326",17,7,8,0.2136,0.05,6,0.0375,FALSE,FALSE,0,1,0,0
"327",17,8,8,0.46474,0.05,7,0.04375,FALSE,TRUE,0,0,0,1
"328",17,5,8,0.52373,0.05,8,0.05,FALSE,FALSE,0,1,0,0
"329",17,12,12,0.00396,0.05,1,0.00416666666666667,TRUE,TRUE,1,0,0,0
"330",17,11,12,0.01222,0.05,2,0.00833333333333333,FALSE,TRUE,0,0,0,1
"331",17,10,12,0.01999,0.05,3,0.0125,FALSE,TRUE,0,0,0,1
"332",17,8,12,0.02588,0.05,4,0.0166666666666667,FALSE,TRUE,0,0,0,1
"333",17,7,12,0.02953,0.05,5,0.0208333333333333,FALSE,FALSE,0,1,0,0
"334",17,2,12,0.05548,0.05,6,0.025,FALSE,TRUE,0,0,0,1
"335",17,6,12,0.06865,0.05,7,0.0291666666666667,FALSE,TRUE,0,0,0,1
"336",17,1,12,0.16055,0.05,8,0.0333333333333333,FALSE,FALSE,0,1,0,0
"337",17,5,12,0.37479,0.05,9,0.0375,FALSE,FALSE,0,1,0,0
"338",17,3,12,0.60509,0.05,10,0.0416666666666667,FALSE,TRUE,0,0,0,1
"339",17,9,12,0.95703,0.05,11,0.0458333333333333,FALSE,FALSE,0,1,0,0
"340",17,4,12,0.98386,0.05,12,0.05,FALSE,FALSE,0,1,0,0
"341",18,6,8,0.01096,0.05,1,0.00625,FALSE,FALSE,0,1,0,0
"342",18,1,8,0.01335,0.05,2,0.0125,FALSE,TRUE,0,0,0,1
"343",18,2,8,0.03974,0.05,3,0.01875,FALSE,TRUE,0,0,0,1
"344",18,7,8,0.06291,0.05,4,0.025,FALSE,TRUE,0,0,0,1
"345",18,5,8,0.20248,0.05,5,0.03125,FALSE,FALSE,0,1,0,0
"346",18,4,8,0.35614,0.05,6,0.0375,FALSE,TRUE,0,0,0,1
"347",18,8,8,0.60557,0.05,7,0.04375,FALSE,FALSE,0,1,0,0
"348",18,3,8,0.89499,0.05,8,0.05,FALSE,FALSE,0,1,0,0
"349",18,2,12,0.00104,0.05,1,0.00416666666666667,TRUE,TRUE,1,0,0,0
"350",18,12,12,0.00456,0.05,2,0.00833333333333333,TRUE,TRUE,1,0,0,0
"351",18,7,12,0.01475,0.05,3,0.0125,FALSE,FALSE,0,1,0,0
"352",18,8,12,0.0277,0.05,4,0.0166666666666667,FALSE,TRUE,0,0,0,1
"353",18,3,12,0.0411,0.05,5,0.0208333333333333,FALSE,TRUE,0,0,0,1
"354",18,1,12,0.1276,0.05,6,0.025,FALSE,FALSE,0,1,0,0
"355",18,4,12,0.25697,0.05,7,0.0291666666666667,FALSE,TRUE,0,0,0,1
"356",18,5,12,0.38004,0.05,8,0.0333333333333333,FALSE,FALSE,0,1,0,0
"357",18,6,12,0.39593,0.05,9,0.0375,FALSE,FALSE,0,1,0,0
"358",18,11,12,0.45445,0.05,10,0.0416666666666667,FALSE,FALSE,0,1,0,0
"359",18,9,12,0.50465,0.05,11,0.0458333333333333,FALSE,FALSE,0,1,0,0
"360",18,10,12,0.76394,0.05,12,0.05,FALSE,FALSE,0,1,0,0
"361",19,2,8,0.01303,0.05,1,0.00625,FALSE,TRUE,0,0,0,1
"362",19,4,8,0.2316,0.05,2,0.0125,FALSE,TRUE,0,0,0,1
"363",19,3,8,0.39902,0.05,3,0.01875,FALSE,FALSE,0,1,0,0
"364",19,8,8,0.41855,0.05,4,0.025,FALSE,FALSE,0,1,0,0
"365",19,7,8,0.73036,0.05,5,0.03125,FALSE,FALSE,0,1,0,0
"366",19,1,8,0.81628,0.05,6,0.0375,FALSE,TRUE,0,0,0,1
"367",19,5,8,0.86361,0.05,7,0.04375,FALSE,FALSE,0,1,0,0
"368",19,6,8,0.94955,0.05,8,0.05,FALSE,FALSE,0,1,0,0
"369",19,5,12,0.00454,0.05,1,0.00416666666666667,FALSE,TRUE,0,0,0,1
"370",19,3,12,0.00481,0.05,2,0.00833333333333333,TRUE,FALSE,0,0,1,0
"371",19,11,12,0.00783,0.05,3,0.0125,TRUE,FALSE,0,0,1,0
"372",19,8,12,0.01325,0.05,4,0.0166666666666667,TRUE,TRUE,1,0,0,0
"373",19,2,12,0.13046,0.05,5,0.0208333333333333,FALSE,TRUE,0,0,0,1
"374",19,12,12,0.17264,0.05,6,0.025,FALSE,FALSE,0,1,0,0
"375",19,7,12,0.29181,0.05,7,0.0291666666666667,FALSE,TRUE,0,0,0,1
"376",19,4,12,0.40287,0.05,8,0.0333333333333333,FALSE,FALSE,0,1,0,0
"377",19,1,12,0.46225,0.05,9,0.0375,FALSE,TRUE,0,0,0,1
"378",19,9,12,0.65952,0.05,10,0.0416666666666667,FALSE,FALSE,0,1,0,0
"379",19,10,12,0.82098,0.05,11,0.0458333333333333,FALSE,TRUE,0,0,0,1
"380",19,6,12,0.86823,0.05,12,0.05,FALSE,FALSE,0,1,0,0
"381",20,3,8,0.04185,0.05,1,0.00625,FALSE,TRUE,0,0,0,1
"382",20,7,8,0.11816,0.05,2,0.0125,FALSE,TRUE,0,0,0,1
"383",20,8,8,0.15625,0.05,3,0.01875,FALSE,FALSE,0,1,0,0
"384",20,5,8,0.17026,0.05,4,0.025,FALSE,TRUE,0,0,0,1
"385",20,2,8,0.64785,0.05,5,0.03125,FALSE,FALSE,0,1,0,0
"386",20,6,8,0.74134,0.05,6,0.0375,FALSE,FALSE,0,1,0,0
"387",20,4,8,0.76279,0.05,7,0.04375,FALSE,FALSE,0,1,0,0
"388",20,1,8,0.86898,0.05,8,0.05,FALSE,FALSE,0,1,0,0
"389",20,12,12,0.03264,0.05,1,0.00416666666666667,FALSE,TRUE,0,0,0,1
"390",20,5,12,0.03366,0.05,2,0.00833333333333333,FALSE,TRUE,0,0,0,1
"391",20,7,12,0.12706,0.05,3,0.0125,FALSE,FALSE,0,1,0,0
"392",20,2,12,0.15581,0.05,4,0.0166666666666667,FALSE,FALSE,0,1,0,0
"393",20,3,12,0.17403,0.05,5,0.0208333333333333,FALSE,TRUE,0,0,0,1
"394",20,4,12,0.18322,0.05,6,0.025,FALSE,FALSE,0,1,0,0
"395",20,6,12,0.26637,0.05,7,0.0291666666666667,FALSE,TRUE,0,0,0,1
"396",20,11,12,0.31743,0.05,8,0.0333333333333333,FALSE,TRUE,0,0,0,1
"397",20,10,12,0.36539,0.05,9,0.0375,FALSE,TRUE,0,0,0,1
"398",20,1,12,0.54624,0.05,10,0.0416666666666667,FALSE,FALSE,0,1,0,0
"399",20,9,12,0.60425,0.05,11,0.0458333333333333,FALSE,FALSE,0,1,0,0
"400",20,8,12,0.7277,0.05,12,0.05,FALSE,FALSE,0,1,0,0
"401",21,8,8,5e-05,0.05,1,0.00625,TRUE,TRUE,1,0,0,0
"402",21,4,8,0.00137,0.05,2,0.0125,TRUE,TRUE,1,0,0,0
"403",21,3,8,0.00142,0.05,3,0.01875,TRUE,TRUE,1,0,0,0
"404",21,2,8,0.0143,0.05,4,0.025,TRUE,TRUE,1,0,0,0
"405",21,1,8,0.04894,0.05,5,0.03125,FALSE,FALSE,0,1,0,0
"406",21,5,8,0.05773,0.05,6,0.0375,FALSE,FALSE,0,1,0,0
"407",21,6,8,0.13242,0.05,7,0.04375,FALSE,FALSE,0,1,0,0
"408",21,7,8,0.3902,0.05,8,0.05,FALSE,FALSE,0,1,0,0
"409",21,3,12,0.002,0.05,1,0.00416666666666667,TRUE,TRUE,1,0,0,0
"410",21,12,12,0.00257,0.05,2,0.00833333333333333,TRUE,TRUE,1,0,0,0
"411",21,2,12,0.00599,0.05,3,0.0125,TRUE,TRUE,1,0,0,0
"412",21,6,12,0.04044,0.05,4,0.0166666666666667,FALSE,TRUE,0,0,0,1
"413",21,7,12,0.05338,0.05,5,0.0208333333333333,FALSE,TRUE,0,0,0,1
"414",21,5,12,0.13112,0.05,6,0.025,FALSE,FALSE,0,1,0,0
"415",21,1,12,0.24198,0.05,7,0.0291666666666667,FALSE,FALSE,0,1,0,0
"416",21,11,12,0.27769,0.05,8,0.0333333333333333,FALSE,FALSE,0,1,0,0
"417",21,4,12,0.38549,0.05,9,0.0375,FALSE,TRUE,0,0,0,1
"418",21,10,12,0.68068,0.05,10,0.0416666666666667,FALSE,FALSE,0,1,0,0
"419",21,8,12,0.75932,0.05,11,0.0458333333333333,FALSE,FALSE,0,1,0,0
"420",21,9,12,0.84033,0.05,12,0.05,FALSE,FALSE,0,1,0,0
"421",22,2,8,0.00036,0.05,1,0.00625,TRUE,TRUE,1,0,0,0
"422",22,8,8,0.0094,0.05,2,0.0125,TRUE,TRUE,1,0,0,0
"423",22,3,8,0.01328,0.05,3,0.01875,TRUE,TRUE,1,0,0,0
"424",22,6,8,0.28446,0.05,4,0.025,FALSE,FALSE,0,1,0,0
"425",22,7,8,0.51272,0.05,5,0.03125,FALSE,TRUE,0,0,0,1
"426",22,4,8,0.75659,0.05,6,0.0375,FALSE,FALSE,0,1,0,0
"427",22,1,8,0.7589,0.05,7,0.04375,FALSE,TRUE,0,0,0,1
"428",22,5,8,0.77004,0.05,8,0.05,FALSE,TRUE,0,0,0,1
"429",22,4,12,0.03109,0.05,1,0.00416666666666667,FALSE,TRUE,0,0,0,1
"430",22,11,12,0.10166,0.05,2,0.00833333333333333,FALSE,FALSE,0,1,0,0
"431",22,10,12,0.12114,0.05,3,0.0125,FALSE,TRUE,0,0,0,1
"432",22,2,12,0.2548,0.05,4,0.0166666666666667,FALSE,FALSE,0,1,0,0
"433",22,8,12,0.25943,0.05,5,0.0208333333333333,FALSE,TRUE,0,0,0,1
"434",22,7,12,0.34261,0.05,6,0.025,FALSE,TRUE,0,0,0,1
"435",22,1,12,0.34685,0.05,7,0.0291666666666667,FALSE,FALSE,0,1,0,0
"436",22,3,12,0.37063,0.05,8,0.0333333333333333,FALSE,TRUE,0,0,0,1
"437",22,9,12,0.75205,0.05,9,0.0375,FALSE,FALSE,0,1,0,0
"438",22,5,12,0.76547,0.05,10,0.0416666666666667,FALSE,FALSE,0,1,0,0
"439",22,12,12,0.7922,0.05,11,0.0458333333333333,FALSE,TRUE,0,0,0,1
"440",22,6,12,0.83444,0.05,12,0.05,FALSE,FALSE,0,1,0,0
"441",23,5,8,0.00209,0.05,1,0.00625,TRUE,TRUE,1,0,0,0
"442",23,3,8,0.01491,0.05,2,0.0125,FALSE,TRUE,0,0,0,1
"443",23,2,8,0.07626,0.05,3,0.01875,FALSE,TRUE,0,0,0,1
"444",23,4,8,0.07696,0.05,4,0.025,FALSE,TRUE,0,0,0,1
"445",23,6,8,0.09638,0.05,5,0.03125,FALSE,FALSE,0,1,0,0
"446",23,1,8,0.1823,0.05,6,0.0375,FALSE,TRUE,0,0,0,1
"447",23,7,8,0.55839,0.05,7,0.04375,FALSE,FALSE,0,1,0,0
"448",23,8,8,0.9596,0.05,8,0.05,FALSE,FALSE,0,1,0,0
"449",23,6,12,0.00183,0.05,1,0.00416666666666667,TRUE,TRUE,1,0,0,0
"450",23,8,12,0.01293,0.05,2,0.00833333333333333,FALSE,TRUE,0,0,0,1
"451",23,2,12,0.01311,0.05,3,0.0125,FALSE,TRUE,0,0,0,1
"452",23,5,12,0.01379,0.05,4,0.0166666666666667,TRUE,TRUE,1,0,0,0
"453",23,11,12,0.05234,0.05,5,0.0208333333333333,FALSE,TRUE,0,0,0,1
"454",23,7,12,0.12208,0.05,6,0.025,FALSE,TRUE,0,0,0,1
"455",23,12,12,0.13636,0.05,7,0.0291666666666667,FALSE,TRUE,0,0,0,1
"456",23,9,12,0.15992,0.05,8,0.0333333333333333,FALSE,FALSE,0,1,0,0
"457",23,1,12,0.17173,0.05,9,0.0375,FALSE,TRUE,0,0,0,1
"458",23,3,12,0.74552,0.05,10,0.0416666666666667,FALSE,FALSE,0,1,0,0
"459",23,10,12,0.9664,0.05,11,0.0458333333333333,FALSE,FALSE,0,1,0,0
"460",23,4,12,0.99082,0.05,12,0.05,FALSE,FALSE,0,1,0,0
"461",24,4,8,0.00354,0.05,1,0.00625,TRUE,TRUE,1,0,0,0
"462",24,2,8,0.02163,0.05,2,0.0125,FALSE,TRUE,0,0,0,1
"463",24,3,8,0.12302,0.05,3,0.01875,FALSE,FALSE,0,1,0,0
"464",24,8,8,0.18245,0.05,4,0.025,FALSE,FALSE,0,1,0,0
"465",24,7,8,0.20458,0.05,5,0.03125,FALSE,TRUE,0,0,0,1
"466",24,1,8,0.32416,0.05,6,0.0375,FALSE,TRUE,0,0,0,1
"467",24,6,8,0.80691,0.05,7,0.04375,FALSE,FALSE,0,1,0,0
"468",24,5,8,0.81157,0.05,8,0.05,FALSE,FALSE,0,1,0,0
"469",24,12,12,0.00014,0.05,1,0.00416666666666667,TRUE,TRUE,1,0,0,0
"470",24,10,12,0.00106,0.05,2,0.00833333333333333,TRUE,TRUE,1,0,0,0
"471",24,3,12,0.01412,0.05,3,0.0125,FALSE,TRUE,0,0,0,1
"472",24,9,12,0.05652,0.05,4,0.0166666666666667,FALSE,TRUE,0,0,0,1
"473",24,11,12,0.0658,0.05,5,0.0208333333333333,FALSE,TRUE,0,0,0,1
"474",24,1,12,0.17346,0.05,6,0.025,FALSE,FALSE,0,1,0,0
"475",24,2,12,0.45891,0.05,7,0.0291666666666667,FALSE,FALSE,0,1,0,0
"476",24,4,12,0.4983,0.05,8,0.0333333333333333,FALSE,FALSE,0,1,0,0
"477",24,8,12,0.50331,0.05,9,0.0375,FALSE,FALSE,0,1,0,0
"478",24,6,12,0.52258,0.05,10,0.0416666666666667,FALSE,FALSE,0,1,0,0
"479",24,5,12,0.56002,0.05,11,0.0458333333333333,FALSE,FALSE,0,1,0,0
"480",24,7,12,0.73263,0.05,12,0.05,FALSE,FALSE,0,1,0,0
"481",25,6,8,0.00187,0.05,1,0.00625,TRUE,TRUE,1,0,0,0
"482",25,2,8,0.03313,0.05,2,0.0125,FALSE,FALSE,0,1,0,0
"483",25,8,8,0.22209,0.05,3,0.01875,FALSE,FALSE,0,1,0,0
"484",25,4,8,0.24152,0.05,4,0.025,FALSE,TRUE,0,0,0,1
"485",25,1,8,0.25767,0.05,5,0.03125,FALSE,TRUE,0,0,0,1
"486",25,5,8,0.58935,0.05,6,0.0375,FALSE,FALSE,0,1,0,0
"487",25,3,8,0.6577,0.05,7,0.04375,FALSE,FALSE,0,1,0,0
"488",25,7,8,0.72987,0.05,8,0.05,FALSE,FALSE,0,1,0,0
"489",25,12,12,0.08756,0.05,1,0.00416666666666667,FALSE,TRUE,0,0,0,1
"490",25,11,12,0.10138,0.05,2,0.00833333333333333,FALSE,TRUE,0,0,0,1
"491",25,7,12,0.12082,0.05,3,0.0125,FALSE,FALSE,0,1,0,0
"492",25,6,12,0.24356,0.05,4,0.0166666666666667,FALSE,TRUE,0,0,0,1
"493",25,1,12,0.25631,0.05,5,0.0208333333333333,FALSE,FALSE,0,1,0,0
"494",25,10,12,0.41429,0.05,6,0.025,FALSE,TRUE,0,0,0,1
"495",25,9,12,0.44681,0.05,7,0.0291666666666667,FALSE,TRUE,0,0,0,1
"496",25,2,12,0.4904,0.05,8,0.0333333333333333,FALSE,FALSE,0,1,0,0
"497",25,3,12,0.51367,0.05,9,0.0375,FALSE,FALSE,0,1,0,0
"498",25,5,12,0.69559,0.05,10,0.0416666666666667,FALSE,FALSE,0,1,0,0
"499",25,4,12,0.72899,0.05,11,0.0458333333333333,FALSE,TRUE,0,0,0,1
"500",25,8,12,0.73487,0.05,12,0.05,FALSE,FALSE,0,1,0,0
"501",26,6,8,0.01314,0.05,1,0.00625,FALSE,TRUE,0,0,0,1
"502",26,1,8,0.02746,0.05,2,0.0125,FALSE,TRUE,0,0,0,1
"503",26,7,8,0.05513,0.05,3,0.01875,FALSE,TRUE,0,0,0,1
"504",26,2,8,0.13982,0.05,4,0.025,FALSE,TRUE,0,0,0,1
"505",26,4,8,0.17034,0.05,5,0.03125,FALSE,FALSE,0,1,0,0
"506",26,5,8,0.41257,0.05,6,0.0375,FALSE,TRUE,0,0,0,1
"507",26,8,8,0.74352,0.05,7,0.04375,FALSE,FALSE,0,1,0,0
"508",26,3,8,0.86722,0.05,8,0.05,FALSE,FALSE,0,1,0,0
"509",26,1,12,0.00061,0.05,1,0.00416666666666667,TRUE,TRUE,1,0,0,0
"510",26,6,12,0.05754,0.05,2,0.00833333333333333,FALSE,TRUE,0,0,0,1
"511",26,10,12,0.06819,0.05,3,0.0125,FALSE,TRUE,0,0,0,1
"512",26,8,12,0.1038,0.05,4,0.0166666666666667,FALSE,TRUE,0,0,0,1
"513",26,9,12,0.10777,0.05,5,0.0208333333333333,FALSE,TRUE,0,0,0,1
"514",26,2,12,0.12392,0.05,6,0.025,FALSE,TRUE,0,0,0,1
"515",26,3,12,0.18139,0.05,7,0.0291666666666667,FALSE,TRUE,0,0,0,1
"516",26,12,12,0.28318,0.05,8,0.0333333333333333,FALSE,TRUE,0,0,0,1
"517",26,5,12,0.38665,0.05,9,0.0375,FALSE,FALSE,0,1,0,0
"518",26,4,12,0.41162,0.05,10,0.0416666666666667,FALSE,TRUE,0,0,0,1
"519",26,7,12,0.58222,0.05,11,0.0458333333333333,FALSE,FALSE,0,1,0,0
"520",26,11,12,0.66082,0.05,12,0.05,FALSE,FALSE,0,1,0,0
"521",27,5,8,0.00532,0.05,1,0.00625,TRUE,TRUE,1,0,0,0
"522",27,6,8,0.00945,0.05,2,0.0125,TRUE,TRUE,1,0,0,0
"523",27,2,8,0.01241,0.05,3,0.01875,TRUE,TRUE,1,0,0,0
"524",27,8,8,0.03514,0.05,4,0.025,FALSE,TRUE,0,0,0,1
"525",27,3,8,0.13238,0.05,5,0.03125,FALSE,TRUE,0,0,0,1
"526",27,4,8,0.26789,0.05,6,0.0375,FALSE,FALSE,0,1,0,0
"527",27,1,8,0.76643,0.05,7,0.04375,FALSE,FALSE,0,1,0,0
"528",27,7,8,0.79686,0.05,8,0.05,FALSE,FALSE,0,1,0,0
"529",27,5,12,0.00112,0.05,1,0.00416666666666667,TRUE,TRUE,1,0,0,0
"530",27,7,12,0.00239,0.05,2,0.00833333333333333,TRUE,TRUE,1,0,0,0
"531",27,8,12,0.00603,0.05,3,0.0125,TRUE,TRUE,1,0,0,0
"532",27,10,12,0.00983,0.05,4,0.0166666666666667,TRUE,TRUE,1,0,0,0
"533",27,11,12,0.01451,0.05,5,0.0208333333333333,TRUE,TRUE,1,0,0,0
"534",27,6,12,0.02592,0.05,6,0.025,FALSE,TRUE,0,0,0,1
"535",27,4,12,0.06265,0.05,7,0.0291666666666667,FALSE,TRUE,0,0,0,1
"536",27,12,12,0.07531,0.05,8,0.0333333333333333,FALSE,TRUE,0,0,0,1
"537",27,1,12,0.09419,0.05,9,0.0375,FALSE,FALSE,0,1,0,0
"538",27,9,12,0.57945,0.05,10,0.0416666666666667,FALSE,FALSE,0,1,0,0
"539",27,3,12,0.69749,0.05,11,0.0458333333333333,FALSE,FALSE,0,1,0,0
"540",27,2,12,0.93571,0.05,12,0.05,FALSE,FALSE,0,1,0,0
"541",28,4,8,0.01018,0.05,1,0.00625,FALSE,TRUE,0,0,0,1
"542",28,2,8,0.03131,0.05,2,0.0125,FALSE,TRUE,0,0,0,1
"543",28,6,8,0.04341,0.05,3,0.01875,FALSE,TRUE,0,0,0,1
"544",28,1,8,0.13216,0.05,4,0.025,FALSE,TRUE,0,0,0,1
"545",28,8,8,0.35478,0.05,5,0.03125,FALSE,FALSE,0,1,0,0
"546",28,7,8,0.50396,0.05,6,0.0375,FALSE,FALSE,0,1,0,0
"547",28,5,8,0.58968,0.05,7,0.04375,FALSE,FALSE,0,1,0,0
"548",28,3,8,0.63718,0.05,8,0.05,FALSE,FALSE,0,1,0,0
"549",28,10,12,0.00126,0.05,1,0.00416666666666667,TRUE,TRUE,1,0,0,0
"550",28,5,12,0.06821,0.05,2,0.00833333333333333,FALSE,TRUE,0,0,0,1
"551",28,3,12,0.07466,0.05,3,0.0125,FALSE,TRUE,0,0,0,1
"552",28,2,12,0.21543,0.05,4,0.0166666666666667,FALSE,TRUE,0,0,0,1
"553",28,1,12,0.28087,0.05,5,0.0208333333333333,FALSE,FALSE,0,1,0,0
"554",28,4,12,0.41774,0.05,6,0.025,FALSE,TRUE,0,0,0,1
"555",28,7,12,0.43544,0.05,7,0.0291666666666667,FALSE,FALSE,0,1,0,0
"556",28,6,12,0.47037,0.05,8,0.0333333333333333,FALSE,TRUE,0,0,0,1
"557",28,8,12,0.62123,0.05,9,0.0375,FALSE,FALSE,0,1,0,0
"558",28,9,12,0.75954,0.05,10,0.0416666666666667,FALSE,FALSE,0,1,0,0
"559",28,12,12,0.79268,0.05,11,0.0458333333333333,FALSE,FALSE,0,1,0,0
"560",28,11,12,0.98824,0.05,12,0.05,FALSE,FALSE,0,1,0,0
"561",29,3,8,0.01658,0.05,1,0.00625,FALSE,TRUE,0,0,0,1
"562",29,5,8,0.03458,0.05,2,0.0125,FALSE,TRUE,0,0,0,1
"563",29,4,8,0.07796,0.05,3,0.01875,FALSE,TRUE,0,0,0,1
"564",29,6,8,0.14543,0.05,4,0.025,FALSE,TRUE,0,0,0,1
"565",29,1,8,0.16582,0.05,5,0.03125,FALSE,TRUE,0,0,0,1
"566",29,2,8,0.17587,0.05,6,0.0375,FALSE,FALSE,0,1,0,0
"567",29,8,8,0.34028,0.05,7,0.04375,FALSE,FALSE,0,1,0,0
"568",29,7,8,0.5467,0.05,8,0.05,FALSE,FALSE,0,1,0,0
"569",29,1,12,0.00531,0.05,1,0.00416666666666667,FALSE,TRUE,0,0,0,1
"570",29,3,12,0.02243,0.05,2,0.00833333333333333,FALSE,TRUE,0,0,0,1
"571",29,7,12,0.03759,0.05,3,0.0125,FALSE,TRUE,0,0,0,1
"572",29,11,12,0.05776,0.05,4,0.0166666666666667,FALSE,TRUE,0,0,0,1
"573",29,4,12,0.06201,0.05,5,0.0208333333333333,FALSE,TRUE,0,0,0,1
"574",29,10,12,0.18537,0.05,6,0.025,FALSE,FALSE,0,1,0,0
"575",29,5,12,0.24494,0.05,7,0.0291666666666667,FALSE,TRUE,0,0,0,1
"576",29,8,12,0.40511,0.05,8,0.0333333333333333,FALSE,FALSE,0,1,0,0
"577",29,2,12,0.77255,0.05,9,0.0375,FALSE,FALSE,0,1,0,0
"578",29,12,12,0.78378,0.05,10,0.0416666666666667,FALSE,TRUE,0,0,0,1
"579",29,9,12,0.84706,0.05,11,0.0458333333333333,FALSE,FALSE,0,1,0,0
"580",29,6,12,0.93219,0.05,12,0.05,FALSE,FALSE,0,1,0,0
"581",30,1,8,0.0065,0.05,1,0.00625,FALSE,TRUE,0,0,0,1
"582",30,7,8,0.05619,0.05,2,0.0125,FALSE,FALSE,0,1,0,0
"583",30,6,8,0.06993,0.05,3,0.01875,FALSE,TRUE,0,0,0,1
"584",30,5,8,0.07912,0.05,4,0.025,FALSE,FALSE,0,1,0,0
"585",30,4,8,0.19461,0.05,5,0.03125,FALSE,FALSE,0,1,0,0
"586",30,8,8,0.31696,0.05,6,0.0375,FALSE,FALSE,0,1,0,0
"587",30,2,8,0.37262,0.05,7,0.04375,FALSE,FALSE,0,1,0,0
"588",30,3,8,0.78539,0.05,8,0.05,FALSE,FALSE,0,1,0,0
"589",30,11,12,0.00199,0.05,1,0.00416666666666667,TRUE,TRUE,1,0,0,0
"590",30,9,12,0.00493,0.05,2,0.00833333333333333,TRUE,TRUE,1,0,0,0
"591",30,5,12,0.01629,0.05,3,0.0125,FALSE,TRUE,0,0,0,1
"592",30,8,12,0.02713,0.05,4,0.0166666666666667,FALSE,FALSE,0,1,0,0
"593",30,2,12,0.0344,0.05,5,0.0208333333333333,FALSE,TRUE,0,0,0,1
"594",30,4,12,0.05509,0.05,6,0.025,FALSE,FALSE,0,1,0,0
"595",30,1,12,0.28684,0.05,7,0.0291666666666667,FALSE,FALSE,0,1,0,0
"596",30,3,12,0.34542,0.05,8,0.0333333333333333,FALSE,FALSE,0,1,0,0
"597",30,6,12,0.34571,0.05,9,0.0375,FALSE,FALSE,0,1,0,0
"598",30,12,12,0.53745,0.05,10,0.0416666666666667,FALSE,FALSE,0,1,0,0
"599",30,7,12,0.59752,0.05,11,0.0458333333333333,FALSE,FALSE,0,1,0,0
"600",30,10,12,0.91036,0.05,12,0.05,FALSE,FALSE,0,1,0,0
"601",31,4,8,0.00013,0.05,1,0.00625,TRUE,TRUE,1,0,0,0
"602",31,5,8,0.00056,0.05,2,0.0125,TRUE,TRUE,1,0,0,0
"603",31,3,8,0.0037,0.05,3,0.01875,TRUE,TRUE,1,0,0,0
"604",31,6,8,0.00884,0.05,4,0.025,TRUE,TRUE,1,0,0,0
"605",31,7,8,0.03299,0.05,5,0.03125,FALSE,TRUE,0,0,0,1
"606",31,1,8,0.20248,0.05,6,0.0375,FALSE,FALSE,0,1,0,0
"607",31,2,8,0.55652,0.05,7,0.04375,FALSE,FALSE,0,1,0,0
"608",31,8,8,0.76833,0.05,8,0.05,FALSE,FALSE,0,1,0,0
"609",31,3,12,0.00158,0.05,1,0.00416666666666667,TRUE,TRUE,1,0,0,0
"610",31,6,12,0.01036,0.05,2,0.00833333333333333,FALSE,TRUE,0,0,0,1
"611",31,11,12,0.01085,0.05,3,0.0125,TRUE,TRUE,1,0,0,0
"612",31,5,12,0.01462,0.05,4,0.0166666666666667,TRUE,TRUE,1,0,0,0
"613",31,12,12,0.04437,0.05,5,0.0208333333333333,FALSE,TRUE,0,0,0,1
"614",31,10,12,0.06272,0.05,6,0.025,FALSE,TRUE,0,0,0,1
"615",31,9,12,0.25992,0.05,7,0.0291666666666667,FALSE,TRUE,0,0,0,1
"616",31,2,12,0.50556,0.05,8,0.0333333333333333,FALSE,FALSE,0,1,0,0
"617",31,7,12,0.70022,0.05,9,0.0375,FALSE,FALSE,0,1,0,0
"618",31,8,12,0.71429,0.05,10,0.0416666666666667,FALSE,FALSE,0,1,0,0
"619",31,4,12,0.81969,0.05,11,0.0458333333333333,FALSE,FALSE,0,1,0,0
"620",31,1,12,0.85094,0.05,12,0.05,FALSE,FALSE,0,1,0,0
"621",32,2,8,0.01358,0.05,1,0.00625,FALSE,TRUE,0,0,0,1
"622",32,5,8,0.19941,0.05,2,0.0125,FALSE,FALSE,0,1,0,0
"623",32,8,8,0.23074,0.05,3,0.01875,FALSE,FALSE,0,1,0,0
"624",32,1,8,0.24179,0.05,4,0.025,FALSE,FALSE,0,1,0,0
"625",32,7,8,0.25134,0.05,5,0.03125,FALSE,FALSE,0,1,0,0
"626",32,6,8,0.36796,0.05,6,0.0375,FALSE,FALSE,0,1,0,0
"627",32,4,8,0.50681,0.05,7,0.04375,FALSE,FALSE,0,1,0,0
"628",32,3,8,0.97204,0.05,8,0.05,FALSE,FALSE,0,1,0,0
"629",32,8,12,0.00754,0.05,1,0.00416666666666667,FALSE,TRUE,0,0,0,1
"630",32,5,12,0.29158,0.05,2,0.00833333333333333,FALSE,FALSE,0,1,0,0
"631",32,4,12,0.29683,0.05,3,0.0125,FALSE,FALSE,0,1,0,0
"632",32,11,12,0.32012,0.05,4,0.0166666666666667,FALSE,FALSE,0,1,0,0
"633",32,10,12,0.41547,0.05,5,0.0208333333333333,FALSE,FALSE,0,1,0,0
"634",32,7,12,0.59961,0.05,6,0.025,FALSE,FALSE,0,1,0,0
"635",32,2,12,0.68523,0.05,7,0.0291666666666667,FALSE,FALSE,0,1,0,0
"636",32,12,12,0.7932,0.05,8,0.0333333333333333,FALSE,FALSE,0,1,0,0
"637",32,3,12,0.84379,0.05,9,0.0375,FALSE,FALSE,0,1,0,0
"638",32,9,12,0.90709,0.05,10,0.0416666666666667,FALSE,FALSE,0,1,0,0
"639",32,6,12,0.93582,0.05,11,0.0458333333333333,FALSE,FALSE,0,1,0,0
"640",32,1,12,0.96697,0.05,12,0.05,FALSE,FALSE,0,1,0,0
"641",33,5,8,0.00325,0.05,1,0.00625,TRUE,TRUE,1,0,0,0
"642",33,1,8,0.02997,0.05,2,0.0125,FALSE,TRUE,0,0,0,1
"643",33,3,8,0.03759,0.05,3,0.01875,FALSE,FALSE,0,1,0,0
"644",33,4,8,0.08194,0.05,4,0.025,FALSE,TRUE,0,0,0,1
"645",33,8,8,0.24576,0.05,5,0.03125,FALSE,FALSE,0,1,0,0
"646",33,6,8,0.25883,0.05,6,0.0375,FALSE,FALSE,0,1,0,0
"647",33,7,8,0.34025,0.05,7,0.04375,FALSE,TRUE,0,0,0,1
"648",33,2,8,0.93571,0.05,8,0.05,FALSE,FALSE,0,1,0,0
"649",33,12,12,3e-04,0.05,1,0.00416666666666667,TRUE,TRUE,1,0,0,0
"650",33,4,12,0.00518,0.05,2,0.00833333333333333,TRUE,TRUE,1,0,0,0
"651",33,1,12,0.01335,0.05,3,0.0125,FALSE,TRUE,0,0,0,1
"652",33,11,12,0.01603,0.05,4,0.0166666666666667,TRUE,TRUE,1,0,0,0
"653",33,5,12,0.03413,0.05,5,0.0208333333333333,FALSE,TRUE,0,0,0,1
"654",33,6,12,0.03582,0.05,6,0.025,FALSE,TRUE,0,0,0,1
"655",33,9,12,0.05021,0.05,7,0.0291666666666667,FALSE,TRUE,0,0,0,1
"656",33,2,12,0.07758,0.05,8,0.0333333333333333,FALSE,TRUE,0,0,0,1
"657",33,10,12,0.19123,0.05,9,0.0375,FALSE,FALSE,0,1,0,0
"658",33,3,12,0.22452,0.05,10,0.0416666666666667,FALSE,FALSE,0,1,0,0
"659",33,7,12,0.49974,0.05,11,0.0458333333333333,FALSE,FALSE,0,1,0,0
"660",33,8,12,0.98564,0.05,12,0.05,FALSE,FALSE,0,1,0,0
"661",34,8,8,0.01081,0.05,1,0.00625,FALSE,TRUE,0,0,0,1
"662",34,7,8,0.36064,0.05,2,0.0125,FALSE,TRUE,0,0,0,1
"663",34,6,8,0.39277,0.05,3,0.01875,FALSE,FALSE,0,1,0,0
"664",34,2,8,0.4457,0.05,4,0.025,FALSE,FALSE,0,1,0,0
"665",34,4,8,0.48218,0.05,5,0.03125,FALSE,FALSE,0,1,0,0
"666",34,3,8,0.55603,0.05,6,0.0375,FALSE,FALSE,0,1,0,0
"667",34,1,8,0.83176,0.05,7,0.04375,FALSE,FALSE,0,1,0,0
"668",34,5,8,0.96318,0.05,8,0.05,FALSE,TRUE,0,0,0,1
"669",34,10,12,0.00547,0.05,1,0.00416666666666667,FALSE,TRUE,0,0,0,1
"670",34,11,12,0.09151,0.05,2,0.00833333333333333,FALSE,TRUE,0,0,0,1
"671",34,5,12,0.09335,0.05,3,0.0125,FALSE,TRUE,0,0,0,1
"672",34,3,12,0.09902,0.05,4,0.0166666666666667,FALSE,TRUE,0,0,0,1
"673",34,2,12,0.24093,0.05,5,0.0208333333333333,FALSE,FALSE,0,1,0,0
"674",34,1,12,0.32721,0.05,6,0.025,FALSE,FALSE,0,1,0,0
"675",34,8,12,0.41754,0.05,7,0.0291666666666667,FALSE,FALSE,0,1,0,0
"676",34,4,12,0.44843,0.05,8,0.0333333333333333,FALSE,FALSE,0,1,0,0
"677",34,6,12,0.56095,0.05,9,0.0375,FALSE,FALSE,0,1,0,0
"678",34,9,12,0.60746,0.05,10,0.0416666666666667,FALSE,TRUE,0,0,0,1
"679",34,12,12,0.66523,0.05,11,0.0458333333333333,FALSE,TRUE,0,0,0,1
"680",34,7,12,0.8249,0.05,12,0.05,FALSE,FALSE,0,1,0,0
"681",35,4,8,0.00036,0.05,1,0.00625,TRUE,TRUE,1,0,0,0
"682",35,8,8,0.00055,0.05,2,0.0125,TRUE,TRUE,1,0,0,0
"683",35,5,8,0.00677,0.05,3,0.01875,TRUE,TRUE,1,0,0,0
"684",35,1,8,0.02914,0.05,4,0.025,FALSE,TRUE,0,0,0,1
"685",35,7,8,0.0496,0.05,5,0.03125,FALSE,FALSE,0,1,0,0
"686",35,6,8,0.06078,0.05,6,0.0375,FALSE,FALSE,0,1,0,0
"687",35,2,8,0.06332,0.05,7,0.04375,FALSE,TRUE,0,0,0,1
"688",35,3,8,0.21032,0.05,8,0.05,FALSE,FALSE,0,1,0,0
"689",35,1,12,0.00033,0.05,1,0.00416666666666667,TRUE,TRUE,1,0,0,0
"690",35,8,12,0.002,0.05,2,0.00833333333333333,TRUE,TRUE,1,0,0,0
"691",35,4,12,0.00334,0.05,3,0.0125,TRUE,TRUE,1,0,0,0
"692",35,6,12,0.00955,0.05,4,0.0166666666666667,TRUE,TRUE,1,0,0,0
"693",35,12,12,0.0225,0.05,5,0.0208333333333333,FALSE,TRUE,0,0,0,1
"694",35,11,12,0.02546,0.05,6,0.025,FALSE,TRUE,0,0,0,1
"695",35,10,12,0.08442,0.05,7,0.0291666666666667,FALSE,TRUE,0,0,0,1
"696",35,9,12,0.18354,0.05,8,0.0333333333333333,FALSE,FALSE,0,1,0,0
"697",35,5,12,0.36349,0.05,9,0.0375,FALSE,FALSE,0,1,0,0
"698",35,7,12,0.48523,0.05,10,0.0416666666666667,FALSE,FALSE,0,1,0,0
"699",35,3,12,0.64053,0.05,11,0.0458333333333333,FALSE,FALSE,0,1,0,0
"700",35,2,12,0.6558,0.05,12,0.05,FALSE,FALSE,0,1,0,0
